<?xml version="1.0" encoding="UTF-8"?>
<export version="D">
  <design>
    <source>/home/nicthe/Documents/ESHD/Project_NNJCM_FRAM_Module/Project_NNJCM_FRAM_Module.sch</source>
    <date>Tue 08 Sep 2020 10:06:08 PM EDT</date>
    <tool>Eeschema 5.1.6-c6e7f7d~87~ubuntu18.04.1</tool>
    <sheet number="1" name="/" tstamps="/">
      <title_block>
        <title/>
        <company/>
        <rev/>
        <date/>
        <source>Project_NNJCM_FRAM_Module.sch</source>
        <comment number="1" value=""/>
        <comment number="2" value=""/>
        <comment number="3" value=""/>
        <comment number="4" value=""/>
      </title_block>
    </sheet>
  </design>
  <components>
    <comp ref="R2">
      <value>10k</value>
      <footprint>MyfootprintLib:R_0402_1005Metric</footprint>
      <datasheet>~</datasheet>
      <libsource lib="Device" part="R" description="Resistor"/>
      <sheetpath names="/" tstamps="/"/>
      <tstamp>5F259EFF</tstamp>
    </comp>
    <comp ref="C1">
      <value>10uF</value>
      <footprint>MyfootprintLib:C_0402_1005Metric</footprint>
      <datasheet>~</datasheet>
      <libsource lib="Device" part="C" description="Unpolarized capacitor"/>
      <sheetpath names="/" tstamps="/"/>
      <tstamp>5F3073FB</tstamp>
    </comp>
    <comp ref="JPI1">
      <value>Conn_01x08_Female</value>
      <footprint>MyfootprintLib:PinHeader_1x08_P1.00mm_Vertical</footprint>
      <datasheet>~</datasheet>
      <libsource lib="Project_NNJCM_FRAM_Module-rescue" part="Conn_01x08_Female-MySymLib" description=""/>
      <sheetpath names="/" tstamps="/"/>
      <tstamp>5FB33DD5</tstamp>
    </comp>
    <comp ref="V1">
      <value>MB85RS64VPNF-G-JNERE1</value>
      <footprint>MyfootprintLib:SOIC127P600X175-8N</footprint>
      <datasheet>http://www.fujitsu.com/downloads/MICRO/fsa/pdf/products/memory/fram/MB85RS64V-DS501-00015-4v0-E.pdf</datasheet>
      <fields>
        <field name="Arrow Part Number">MB85RS64VPNF-G-JNERE1</field>
        <field name="Description">64Kbit 8K x 8 FRAM SPI interface</field>
        <field name="Height">1.75</field>
        <field name="Manufacturer_Name">FUJITSU</field>
        <field name="Manufacturer_Part_Number">MB85RS64VPNF-G-JNERE1</field>
        <field name="Mouser Part Number">N/A</field>
        <field name="Mouser Price/Stock">https://www.mouser.co.uk/ProductDetail/Fujitsu/MB85RS64VPNF-G-JNERE1?qs=2kOmHSv6VfSTetts%252BXdrBQ%3D%3D</field>
      </fields>
      <libsource lib="Project_NNJCM_FRAM_Module-rescue" part="MB85RS64VPNF-G-JNERE1-MySymLib" description=""/>
      <sheetpath names="/" tstamps="/"/>
      <tstamp>5FB354FA</tstamp>
    </comp>
  </components>
  <libparts>
    <libpart lib="Device" part="C">
      <description>Unpolarized capacitor</description>
      <docs>~</docs>
      <footprints>
        <fp>C_*</fp>
      </footprints>
      <fields>
        <field name="Reference">C</field>
        <field name="Value">C</field>
      </fields>
      <pins>
        <pin num="1" name="~" type="passive"/>
        <pin num="2" name="~" type="passive"/>
      </pins>
    </libpart>
    <libpart lib="Device" part="R">
      <description>Resistor</description>
      <docs>~</docs>
      <footprints>
        <fp>R_*</fp>
      </footprints>
      <fields>
        <field name="Reference">R</field>
        <field name="Value">R</field>
      </fields>
      <pins>
        <pin num="1" name="~" type="passive"/>
        <pin num="2" name="~" type="passive"/>
      </pins>
    </libpart>
    <libpart lib="Project_NNJCM_FRAM_Module-rescue" part="Conn_01x08_Female-MySymLib">
      <footprints>
        <fp>Connector*:*_1x??_*</fp>
      </footprints>
      <fields>
        <field name="Reference">J</field>
        <field name="Value">Conn_01x08_Female-MySymLib</field>
      </fields>
      <pins>
        <pin num="1" name="Pin_1" type="output"/>
        <pin num="2" name="Pin_2" type="output"/>
        <pin num="3" name="Pin_3" type="output"/>
        <pin num="4" name="Pin_4" type="input"/>
        <pin num="5" name="Pin_5" type="output"/>
        <pin num="6" name="Pin_6" type="output"/>
        <pin num="7" name="Pin_7" type="power_out"/>
        <pin num="8" name="Pin_8" type="power_out"/>
      </pins>
    </libpart>
    <libpart lib="Project_NNJCM_FRAM_Module-rescue" part="MB85RS64VPNF-G-JNERE1-MySymLib">
      <fields>
        <field name="Reference">IC</field>
        <field name="Value">MB85RS64VPNF-G-JNERE1-MySymLib</field>
        <field name="Footprint">SOIC127P600X175-8N</field>
        <field name="Datasheet">http://www.fujitsu.com/downloads/MICRO/fsa/pdf/products/memory/fram/MB85RS64V-DS501-00015-4v0-E.pdf</field>
        <field name="Description">64Kbit 8K x 8 FRAM SPI interface</field>
        <field name="Height">1.75</field>
        <field name="Manufacturer_Name">FUJITSU</field>
        <field name="Manufacturer_Part_Number">MB85RS64VPNF-G-JNERE1</field>
        <field name="Arrow Part Number">MB85RS64VPNF-G-JNERE1</field>
        <field name="Mouser Part Number">N/A</field>
        <field name="Mouser Price/Stock">https://www.mouser.co.uk/ProductDetail/Fujitsu/MB85RS64VPNF-G-JNERE1?qs=2kOmHSv6VfSTetts%252BXdrBQ%3D%3D</field>
      </fields>
      <pins>
        <pin num="1" name="~CS" type="input"/>
        <pin num="2" name="SO" type="output"/>
        <pin num="3" name="~WP" type="input"/>
        <pin num="4" name="GND" type="power_in"/>
        <pin num="5" name="SI" type="input"/>
        <pin num="6" name="SCK" type="input"/>
        <pin num="7" name="~HOLD" type="input"/>
        <pin num="8" name="VDD" type="power_in"/>
      </pins>
    </libpart>
  </libparts>
  <libraries>
    <library logical="Device">
      <uri>/usr/share/kicad/library/Device.lib</uri>
    </library>
    <library logical="Project_NNJCM_FRAM_Module-rescue">
      <uri>/home/nicthe/Documents/ESHD/Project_NNJCM_FRAM_Module/Project_NNJCM_FRAM_Module-rescue.lib</uri>
    </library>
  </libraries>
  <nets>
    <net code="1" name="GND">
      <node ref="JPI1" pin="7"/>
      <node ref="V1" pin="4"/>
      <node ref="C1" pin="2"/>
    </net>
    <net code="2" name="/MISO">
      <node ref="JPI1" pin="4"/>
      <node ref="V1" pin="2"/>
    </net>
    <net code="3" name="/MOSI">
      <node ref="JPI1" pin="3"/>
      <node ref="V1" pin="5"/>
    </net>
    <net code="4" name="/SCK">
      <node ref="JPI1" pin="5"/>
      <node ref="V1" pin="6"/>
    </net>
    <net code="5" name="/NC">
      <node ref="JPI1" pin="6"/>
      <node ref="V1" pin="7"/>
    </net>
    <net code="6" name="+3V3">
      <node ref="C1" pin="1"/>
      <node ref="R2" pin="1"/>
      <node ref="V1" pin="8"/>
      <node ref="JPI1" pin="8"/>
    </net>
    <net code="7" name="/WP">
      <node ref="V1" pin="3"/>
      <node ref="R2" pin="2"/>
      <node ref="JPI1" pin="1"/>
    </net>
    <net code="8" name="/CS">
      <node ref="V1" pin="1"/>
      <node ref="JPI1" pin="2"/>
    </net>
  </nets>
</export>
